balance,peak,payouts,trade,take_net,stop_net,take_points,stop_points
48100,50000,0,1,100,99,0.13,0.07
48100,50000,1,1,100,99,0.13,0.07
48100,50000,2,1,100,99,0.13,0.07
48100,50000,3,1,100,99,0.13,0.07
48100,52000,0,0,,,,
48100,52000,1,0,,,,
48100,52000,2,0,,,,
48100,52000,3,0,,,,
48200,50000,0,1,1800,199,1.83,0.17
48200,50000,1,1,1800,199,1.83,0.17
48200,50000,2,1,1800,199,1.83,0.17
48200,50000,3,1,1800,199,1.83,0.17
48200,50100,0,1,100,99,0.13,0.07
48200,50100,1,1,100,99,0.13,0.07
48200,50100,2,1,100,99,0.13,0.07
48200,50100,3,1,100,99,0.13,0.07
48200,52000,0,0,,,,
48200,52000,1,0,,,,
48200,52000,2,0,,,,
48200,52000,3,0,,,,
48300,50000,0,1,200,299,0.23,0.27
48300,50000,1,1,200,299,0.23,0.27
48300,50000,2,1,200,299,0.23,0.27
48300,50000,3,1,200,299,0.23,0.27
48300,50100,0,1,1800,199,1.83,0.17
48300,50100,1,1,1800,199,1.83,0.17
48300,50100,2,1,1800,199,1.83,0.17
48300,50100,3,1,1800,199,1.83,0.17
48300,50200,0,1,100,99,0.13,0.07
48300,50200,1,1,100,99,0.13,0.07
48300,50200,2,1,100,99,0.13,0.07
48300,50200,3,1,100,99,0.13,0.07
48300,52000,0,0,,,,
48300,52000,1,0,,,,
48300,52000,2,0,,,,
48300,52000,3,0,,,,
48400,50000,0,1,100,200,0.13,0.17
48400,50000,1,1,100,200,0.13,0.17
48400,50000,2,1,100,200,0.13,0.17
48400,50000,3,1,100,200,0.13,0.17
48400,50100,0,1,200,299,0.23,0.27
48400,50100,1,1,200,299,0.23,0.27
48400,50100,2,1,200,299,0.23,0.27
48400,50100,3,1,200,299,0.23,0.27
48400,50200,0,1,1800,199,1.83,0.17
48400,50200,1,1,1800,199,1.83,0.17
48400,50200,2,1,1800,199,1.83,0.17
48400,50200,3,1,1800,199,1.83,0.17
48400,50300,0,1,100,99,0.13,0.07
48400,50300,1,1,100,99,0.13,0.07
48400,50300,2,1,100,99,0.13,0.07
48400,50300,3,1,100,99,0.13,0.07
48400,52000,0,0,,,,
48400,52000,1,0,,,,
48400,52000,2,0,,,,
48400,52000,3,0,,,,
48500,50000,0,1,1500,499,1.53,0.47
48500,50000,1,1,1500,499,1.53,0.47
48500,50000,2,1,1500,499,1.53,0.47
48500,50000,3,1,1500,499,1.53,0.47
48500,50100,0,1,100,200,0.13,0.17
48500,50100,1,1,100,200,0.13,0.17
48500,50100,2,1,100,200,0.13,0.17
48500,50100,3,1,100,200,0.13,0.17
48500,50200,0,1,200,299,0.23,0.27
48500,50200,1,1,200,299,0.23,0.27
48500,50200,2,1,200,299,0.23,0.27
48500,50200,3,1,200,299,0.23,0.27
48500,50300,0,1,1800,199,1.83,0.17
48500,50300,1,1,1800,199,1.83,0.17
48500,50300,2,1,1800,199,1.83,0.17
48500,50300,3,1,1800,199,1.83,0.17
48500,50400,0,1,100,99,0.13,0.07
48500,50400,1,1,100,99,0.13,0.07
48500,50400,2,1,100,99,0.13,0.07
48500,50400,3,1,100,99,0.13,0.07
48500,52000,0,0,,,,
48500,52000,1,0,,,,
48500,52000,2,0,,,,
48500,52000,3,0,,,,
48600,50000,0,1,1400,599,1.43,0.57
48600,50000,1,1,1400,599,1.43,0.57
48600,50000,2,1,1400,599,1.43,0.57
48600,50000,3,1,1400,599,1.43,0.57
48600,50100,0,1,1500,499,1.53,0.47
48600,50100,1,1,1500,499,1.53,0.47
48600,50100,2,1,1500,499,1.53,0.47
48600,50100,3,1,1500,499,1.53,0.47
48600,50200,0,1,100,200,0.13,0.17
48600,50200,1,1,100,200,0.13,0.17
48600,50200,2,1,100,200,0.13,0.17
48600,50200,3,1,100,200,0.13,0.17
48600,50300,0,1,200,299,0.23,0.27
48600,50300,1,1,200,299,0.23,0.27
48600,50300,2,1,200,299,0.23,0.27
48600,50300,3,1,200,299,0.23,0.27
48600,50400,0,1,1800,199,1.83,0.17
48600,50400,1,1,1800,199,1.83,0.17
48600,50400,2,1,1800,199,1.83,0.17
48600,50400,3,1,1800,199,1.83,0.17
48600,50500,0,1,100,99,0.13,0.07
48600,50500,1,1,100,99,0.13,0.07
48600,50500,2,1,100,99,0.13,0.07
48600,50500,3,1,100,99,0.13,0.07
48600,52000,0,0,,,,
48600,52000,1,0,,,,
48600,52000,2,0,,,,
48600,52000,3,0,,,,
48700,50000,0,1,1300,699,1.33,0.67
48700,50000,1,1,1300,699,1.33,0.67
48700,50000,2,1,1300,699,1.33,0.67
48700,50000,3,1,1300,699,1.33,0.67
48700,50100,0,1,1400,599,1.43,0.57
48700,50100,1,1,1400,599,1.43,0.57
48700,50100,2,1,1400,599,1.43,0.57
48700,50100,3,1,1400,599,1.43,0.57
48700,50200,0,1,1500,499,1.53,0.47
48700,50200,1,1,1500,499,1.53,0.47
48700,50200,2,1,1500,499,1.53,0.47
48700,50200,3,1,1500,499,1.53,0.47
48700,50300,0,1,100,200,0.13,0.17
48700,50300,1,1,100,200,0.13,0.17
48700,50300,2,1,100,200,0.13,0.17
48700,50300,3,1,100,200,0.13,0.17
48700,50400,0,1,200,299,0.23,0.27
48700,50400,1,1,200,299,0.23,0.27
48700,50400,2,1,200,299,0.23,0.27
48700,50400,3,1,200,299,0.23,0.27
48700,50500,0,1,1800,199,1.83,0.17
48700,50500,1,1,1800,199,1.83,0.17
48700,50500,2,1,1800,199,1.83,0.17
48700,50500,3,1,1800,199,1.83,0.17
48700,50600,0,1,100,99,0.13,0.07
48700,50600,1,1,100,99,0.13,0.07
48700,50600,2,1,100,99,0.13,0.07
48700,50600,3,1,100,99,0.13,0.07
48700,52000,0,0,,,,
48700,52000,1,0,,,,
48700,52000,2,0,,,,
48700,52000,3,0,,,,
48800,50000,0,1,1200,799,1.23,0.77
48800,50000,1,1,1200,799,1.23,0.77
48800,50000,2,1,1200,799,1.23,0.77
48800,50000,3,1,1200,799,1.23,0.77
48800,50100,0,1,1300,699,1.33,0.67
48800,50100,1,1,1300,699,1.33,0.67
48800,50100,2,1,1300,699,1.33,0.67
48800,50100,3,1,1300,699,1.33,0.67
48800,50200,0,1,1400,599,1.43,0.57
48800,50200,1,1,1400,599,1.43,0.57
48800,50200,2,1,1400,599,1.43,0.57
48800,50200,3,1,1400,599,1.43,0.57
48800,50300,0,1,1500,499,1.53,0.47
48800,50300,1,1,1500,499,1.53,0.47
48800,50300,2,1,1500,499,1.53,0.47
48800,50300,3,1,1500,499,1.53,0.47
48800,50400,0,1,100,200,0.13,0.17
48800,50400,1,1,100,200,0.13,0.17
48800,50400,2,1,100,200,0.13,0.17
48800,50400,3,1,100,200,0.13,0.17
48800,50500,0,1,200,299,0.23,0.27
48800,50500,1,1,200,299,0.23,0.27
48800,50500,2,1,200,299,0.23,0.27
48800,50500,3,1,200,299,0.23,0.27
48800,50600,0,1,1800,199,1.83,0.17
48800,50600,1,1,1800,199,1.83,0.17
48800,50600,2,1,1800,199,1.83,0.17
48800,50600,3,1,1800,199,1.83,0.17
48800,50700,0,1,100,99,0.13,0.07
48800,50700,1,1,100,99,0.13,0.07
48800,50700,2,1,100,99,0.13,0.07
48800,50700,3,1,100,99,0.13,0.07
48800,52000,0,0,,,,
48800,52000,1,0,,,,
48800,52000,2,0,,,,
48800,52000,3,0,,,,
48900,50000,0,1,1100,899,1.13,0.87
48900,50000,1,1,1100,899,1.13,0.87
48900,50000,2,1,1100,899,1.13,0.87
48900,50000,3,1,1100,899,1.13,0.87
48900,50100,0,1,1200,799,1.23,0.77
48900,50100,1,1,1200,799,1.23,0.77
48900,50100,2,1,1200,799,1.23,0.77
48900,50100,3,1,1200,799,1.23,0.77
48900,50200,0,1,1300,699,1.33,0.67
48900,50200,1,1,1300,699,1.33,0.67
48900,50200,2,1,1300,699,1.33,0.67
48900,50200,3,1,1300,699,1.33,0.67
48900,50300,0,1,1400,599,1.43,0.57
48900,50300,1,1,1400,599,1.43,0.57
48900,50300,2,1,1400,599,1.43,0.57
48900,50300,3,1,1400,599,1.43,0.57
48900,50400,0,1,1500,499,1.53,0.47
48900,50400,1,1,1500,499,1.53,0.47
48900,50400,2,1,1500,499,1.53,0.47
48900,50400,3,1,1500,499,1.53,0.47
48900,50500,0,1,100,200,0.13,0.17
48900,50500,1,1,100,200,0.13,0.17
48900,50500,2,1,100,200,0.13,0.17
48900,50500,3,1,100,200,0.13,0.17
48900,50600,0,1,200,299,0.23,0.27
48900,50600,1,1,200,299,0.23,0.27
48900,50600,2,1,200,299,0.23,0.27
48900,50600,3,1,200,299,0.23,0.27
48900,50700,0,1,1800,199,1.83,0.17
48900,50700,1,1,1800,199,1.83,0.17
48900,50700,2,1,1800,199,1.83,0.17
48900,50700,3,1,1800,199,1.83,0.17
48900,50800,0,1,100,99,0.13,0.07
48900,50800,1,1,100,99,0.13,0.07
48900,50800,2,1,100,99,0.13,0.07
48900,50800,3,1,100,99,0.13,0.07
48900,52000,0,0,,,,
48900,52000,1,0,,,,
48900,52000,2,0,,,,
48900,52000,3,0,,,,
49000,50000,0,1,1000,999,1.03,0.97
49000,50000,1,1,1000,999,1.03,0.97
49000,50000,2,1,1000,999,1.03,0.97
49000,50000,3,1,1000,999,1.03,0.97
49000,50100,0,1,1100,899,1.13,0.87
49000,50100,1,1,1100,899,1.13,0.87
49000,50100,2,1,1100,899,1.13,0.87
49000,50100,3,1,1100,899,1.13,0.87
49000,50200,0,1,1200,799,1.23,0.77
49000,50200,1,1,1200,799,1.23,0.77
49000,50200,2,1,1200,799,1.23,0.77
49000,50200,3,1,1200,799,1.23,0.77
49000,50300,0,1,1300,699,1.33,0.67
49000,50300,1,1,1300,699,1.33,0.67
49000,50300,2,1,1300,699,1.33,0.67
49000,50300,3,1,1300,699,1.33,0.67
49000,50400,0,1,1400,599,1.43,0.57
49000,50400,1,1,1400,599,1.43,0.57
49000,50400,2,1,1400,599,1.43,0.57
49000,50400,3,1,1400,599,1.43,0.57
49000,50500,0,1,1500,499,1.53,0.47
49000,50500,1,1,1500,499,1.53,0.47
49000,50500,2,1,1500,499,1.53,0.47
49000,50500,3,1,1500,499,1.53,0.47
49000,50600,0,1,100,200,0.13,0.17
49000,50600,1,1,100,200,0.13,0.17
49000,50600,2,1,100,200,0.13,0.17
49000,50600,3,1,100,200,0.13,0.17
49000,50700,0,1,200,299,0.23,0.27
49000,50700,1,1,200,299,0.23,0.27
49000,50700,2,1,200,299,0.23,0.27
49000,50700,3,1,200,299,0.23,0.27
49000,50800,0,1,1800,199,1.83,0.17
49000,50800,1,1,1800,199,1.83,0.17
49000,50800,2,1,1800,199,1.83,0.17
49000,50800,3,1,1800,199,1.83,0.17
49000,50900,0,1,100,99,0.13,0.07
49000,50900,1,1,100,99,0.13,0.07
49000,50900,2,1,100,99,0.13,0.07
49000,50900,3,1,100,99,0.13,0.07
49000,52000,0,0,,,,
49000,52000,1,0,,,,
49000,52000,2,0,,,,
49000,52000,3,0,,,,
49100,50000,0,1,900,1000,0.93,0.97
49100,50000,1,1,900,1000,0.93,0.97
49100,50000,2,1,900,1000,0.93,0.97
49100,50000,3,1,900,1000,0.93,0.97
49100,50100,0,1,1000,999,1.03,0.97
49100,50100,1,1,1000,999,1.03,0.97
49100,50100,2,1,1000,999,1.03,0.97
49100,50100,3,1,1000,999,1.03,0.97
49100,50200,0,1,1100,899,1.13,0.87
49100,50200,1,1,1100,899,1.13,0.87
49100,50200,2,1,1100,899,1.13,0.87
49100,50200,3,1,1100,899,1.13,0.87
49100,50300,0,1,1200,799,1.23,0.77
49100,50300,1,1,1200,799,1.23,0.77
49100,50300,2,1,1200,799,1.23,0.77
49100,50300,3,1,1200,799,1.23,0.77
49100,50400,0,1,1300,699,1.33,0.67
49100,50400,1,1,1300,699,1.33,0.67
49100,50400,2,1,1300,699,1.33,0.67
49100,50400,3,1,1300,699,1.33,0.67
49100,50500,0,1,1400,599,1.43,0.57
49100,50500,1,1,1400,599,1.43,0.57
49100,50500,2,1,1400,599,1.43,0.57
49100,50500,3,1,1400,599,1.43,0.57
49100,50600,0,1,1500,499,1.53,0.47
49100,50600,1,1,1500,499,1.53,0.47
49100,50600,2,1,1500,499,1.53,0.47
49100,50600,3,1,1500,499,1.53,0.47
49100,50700,0,1,100,200,0.13,0.17
49100,50700,1,1,100,200,0.13,0.17
49100,50700,2,1,100,200,0.13,0.17
49100,50700,3,1,100,200,0.13,0.17
49100,50800,0,1,200,299,0.23,0.27
49100,50800,1,1,200,299,0.23,0.27
49100,50800,2,1,200,299,0.23,0.27
49100,50800,3,1,200,299,0.23,0.27
49100,50900,0,1,1800,199,1.83,0.17
49100,50900,1,1,1800,199,1.83,0.17
49100,50900,2,1,1800,199,1.83,0.17
49100,50900,3,1,1800,199,1.83,0.17
49100,51000,0,1,100,99,0.13,0.07
49100,51000,1,1,100,99,0.13,0.07
49100,51000,2,1,100,99,0.13,0.07
49100,51000,3,1,100,99,0.13,0.07
49100,52000,0,0,,,,
49100,52000,1,0,,,,
49100,52000,2,0,,,,
49100,52000,3,0,,,,
49200,50000,0,1,800,1000,0.83,0.97
49200,50000,1,1,800,1000,0.83,0.97
49200,50000,2,1,800,1000,0.83,0.97
49200,50000,3,1,800,1000,0.83,0.97
49200,50100,0,1,900,1000,0.93,0.97
49200,50100,1,1,900,1000,0.93,0.97
49200,50100,2,1,900,1000,0.93,0.97
49200,50100,3,1,900,1000,0.93,0.97
49200,50200,0,1,1000,999,1.03,0.97
49200,50200,1,1,1000,999,1.03,0.97
49200,50200,2,1,1000,999,1.03,0.97
49200,50200,3,1,1000,999,1.03,0.97
49200,50300,0,1,1100,899,1.13,0.87
49200,50300,1,1,1100,899,1.13,0.87
49200,50300,2,1,1100,899,1.13,0.87
49200,50300,3,1,1100,899,1.13,0.87
49200,50400,0,1,1200,799,1.23,0.77
49200,50400,1,1,1200,799,1.23,0.77
49200,50400,2,1,1200,799,1.23,0.77
49200,50400,3,1,1200,799,1.23,0.77
49200,50500,0,1,1300,699,1.33,0.67
49200,50500,1,1,1300,699,1.33,0.67
49200,50500,2,1,1300,699,1.33,0.67
49200,50500,3,1,1300,699,1.33,0.67
49200,50600,0,1,1400,599,1.43,0.57
49200,50600,1,1,1400,599,1.43,0.57
49200,50600,2,1,1400,599,1.43,0.57
49200,50600,3,1,1400,599,1.43,0.57
49200,50700,0,1,1500,499,1.53,0.47
49200,50700,1,1,1500,499,1.53,0.47
49200,50700,2,1,1500,499,1.53,0.47
49200,50700,3,1,1500,499,1.53,0.47
49200,50800,0,1,100,200,0.13,0.17
49200,50800,1,1,100,200,0.13,0.17
49200,50800,2,1,100,200,0.13,0.17
49200,50800,3,1,100,200,0.13,0.17
49200,50900,0,1,200,299,0.23,0.27
49200,50900,1,1,200,299,0.23,0.27
49200,50900,2,1,200,299,0.23,0.27
49200,50900,3,1,200,299,0.23,0.27
49200,51000,0,1,1800,199,1.83,0.17
49200,51000,1,1,1800,199,1.83,0.17
49200,51000,2,1,1800,199,1.83,0.17
49200,51000,3,1,1800,199,1.83,0.17
49200,51100,0,1,100,99,0.13,0.07
49200,51100,1,1,100,99,0.13,0.07
49200,51100,2,1,100,99,0.13,0.07
49200,51100,3,1,100,99,0.13,0.07
49200,52000,0,0,,,,
49200,52000,1,0,,,,
49200,52000,2,0,,,,
49200,52000,3,0,,,,
49300,50000,0,1,700,800,0.73,0.77
49300,50000,1,1,700,800,0.73,0.77
49300,50000,2,1,700,800,0.73,0.77
49300,50000,3,1,700,800,0.73,0.77
49300,50100,0,1,800,1000,0.83,0.97
49300,50100,1,1,800,1000,0.83,0.97
49300,50100,2,1,800,1000,0.83,0.97
49300,50100,3,1,800,1000,0.83,0.97
49300,50200,0,1,900,1000,0.93,0.97
49300,50200,1,1,900,1000,0.93,0.97
49300,50200,2,1,900,1000,0.93,0.97
49300,50200,3,1,900,1000,0.93,0.97
49300,50300,0,1,1000,999,1.03,0.97
49300,50300,1,1,1000,999,1.03,0.97
49300,50300,2,1,1000,999,1.03,0.97
49300,50300,3,1,1000,999,1.03,0.97
49300,50400,0,1,1100,899,1.13,0.87
49300,50400,1,1,1100,899,1.13,0.87
49300,50400,2,1,1100,899,1.13,0.87
49300,50400,3,1,1100,899,1.13,0.87
49300,50500,0,1,1200,799,1.23,0.77
49300,50500,1,1,1200,799,1.23,0.77
49300,50500,2,1,1200,799,1.23,0.77
49300,50500,3,1,1200,799,1.23,0.77
49300,50600,0,1,1300,699,1.33,0.67
49300,50600,1,1,1300,699,1.33,0.67
49300,50600,2,1,1300,699,1.33,0.67
49300,50600,3,1,1300,699,1.33,0.67
49300,50700,0,1,1400,599,1.43,0.57
49300,50700,1,1,1400,599,1.43,0.57
49300,50700,2,1,1400,599,1.43,0.57
49300,50700,3,1,1400,599,1.43,0.57
49300,50800,0,1,1500,499,1.53,0.47
49300,50800,1,1,1500,499,1.53,0.47
49300,50800,2,1,1500,499,1.53,0.47
49300,50800,3,1,1500,499,1.53,0.47
49300,50900,0,1,100,200,0.13,0.17
49300,50900,1,1,100,200,0.13,0.17
49300,50900,2,1,100,200,0.13,0.17
49300,50900,3,1,100,200,0.13,0.17
49300,51000,0,1,200,299,0.23,0.27
49300,51000,1,1,200,299,0.23,0.27
49300,51000,2,1,200,299,0.23,0.27
49300,51000,3,1,200,299,0.23,0.27
49300,51100,0,1,1800,199,1.83,0.17
49300,51100,1,1,1800,199,1.83,0.17
49300,51100,2,1,1800,199,1.83,0.17
49300,51100,3,1,1800,199,1.83,0.17
49300,51200,0,1,100,99,0.13,0.07
49300,51200,1,1,100,99,0.13,0.07
49300,51200,2,1,100,99,0.13,0.07
49300,51200,3,1,100,99,0.13,0.07
49300,52000,0,0,,,,
49300,52000,1,0,,,,
49300,52000,2,0,,,,
49300,52000,3,0,,,,
49400,50000,0,1,600,800,0.63,0.77
49400,50000,1,1,600,800,0.63,0.77
49400,50000,2,1,600,800,0.63,0.77
49400,50000,3,1,600,800,0.63,0.77
49400,50100,0,1,700,800,0.73,0.77
49400,50100,1,1,700,800,0.73,0.77
49400,50100,2,1,700,800,0.73,0.77
49400,50100,3,1,700,800,0.73,0.77
49400,50200,0,1,800,1000,0.83,0.97
49400,50200,1,1,800,1000,0.83,0.97
49400,50200,2,1,800,1000,0.83,0.97
49400,50200,3,1,800,1000,0.83,0.97
49400,50300,0,1,900,1000,0.93,0.97
49400,50300,1,1,900,1000,0.93,0.97
49400,50300,2,1,900,1000,0.93,0.97
49400,50300,3,1,900,1000,0.93,0.97
49400,50400,0,1,1000,999,1.03,0.97
49400,50400,1,1,1000,999,1.03,0.97
49400,50400,2,1,1000,999,1.03,0.97
49400,50400,3,1,1000,999,1.03,0.97
49400,50500,0,1,1100,899,1.13,0.87
49400,50500,1,1,1100,899,1.13,0.87
49400,50500,2,1,1100,899,1.13,0.87
49400,50500,3,1,1100,899,1.13,0.87
49400,50600,0,1,1200,799,1.23,0.77
49400,50600,1,1,1200,799,1.23,0.77
49400,50600,2,1,1200,799,1.23,0.77
49400,50600,3,1,1200,799,1.23,0.77
49400,50700,0,1,1300,699,1.33,0.67
49400,50700,1,1,1300,699,1.33,0.67
49400,50700,2,1,1300,699,1.33,0.67
49400,50700,3,1,1300,699,1.33,0.67
49400,50800,0,1,1400,599,1.43,0.57
49400,50800,1,1,1400,599,1.43,0.57
49400,50800,2,1,1400,599,1.43,0.57
49400,50800,3,1,1400,599,1.43,0.57
49400,50900,0,1,1500,499,1.53,0.47
49400,50900,1,1,1500,499,1.53,0.47
49400,50900,2,1,1500,499,1.53,0.47
49400,50900,3,1,1500,499,1.53,0.47
49400,51000,0,1,100,200,0.13,0.17
49400,51000,1,1,100,200,0.13,0.17
49400,51000,2,1,100,200,0.13,0.17
49400,51000,3,1,100,200,0.13,0.17
49400,51100,0,1,200,299,0.23,0.27
49400,51100,1,1,200,299,0.23,0.27
49400,51100,2,1,200,299,0.23,0.27
49400,51100,3,1,200,299,0.23,0.27
49400,51200,0,1,1800,199,1.83,0.17
49400,51200,1,1,1800,199,1.83,0.17
49400,51200,2,1,1800,199,1.83,0.17
49400,51200,3,1,1800,199,1.83,0.17
49400,51300,0,1,100,99,0.13,0.07
49400,51300,1,1,100,99,0.13,0.07
49400,51300,2,1,100,99,0.13,0.07
49400,51300,3,1,100,99,0.13,0.07
49400,52000,0,0,,,,
49400,52000,1,0,,,,
49400,52000,2,0,,,,
49400,52000,3,0,,,,
49500,50000,0,1,500,1000,0.53,0.97
49500,50000,1,1,500,1000,0.53,0.97
49500,50000,2,1,500,1000,0.53,0.97
49500,50000,3,1,500,1000,0.53,0.97
49500,50100,0,1,600,800,0.63,0.77
49500,50100,1,1,600,800,0.63,0.77
49500,50100,2,1,600,800,0.63,0.77
49500,50100,3,1,600,800,0.63,0.77
49500,50200,0,1,700,800,0.73,0.77
49500,50200,1,1,700,800,0.73,0.77
49500,50200,2,1,700,800,0.73,0.77
49500,50200,3,1,700,800,0.73,0.77
49500,50300,0,1,800,1000,0.83,0.97
49500,50300,1,1,800,1000,0.83,0.97
49500,50300,2,1,800,1000,0.83,0.97
49500,50300,3,1,800,1000,0.83,0.97
49500,50400,0,1,900,1000,0.93,0.97
49500,50400,1,1,900,1000,0.93,0.97
49500,50400,2,1,900,1000,0.93,0.97
49500,50400,3,1,900,1000,0.93,0.97
49500,50500,0,1,1000,999,1.03,0.97
49500,50500,1,1,1000,999,1.03,0.97
49500,50500,2,1,1000,999,1.03,0.97
49500,50500,3,1,1000,999,1.03,0.97
49500,50600,0,1,1100,899,1.13,0.87
49500,50600,1,1,1100,899,1.13,0.87
49500,50600,2,1,1100,899,1.13,0.87
49500,50600,3,1,1100,899,1.13,0.87
49500,50700,0,1,1200,799,1.23,0.77
49500,50700,1,1,1200,799,1.23,0.77
49500,50700,2,1,1200,799,1.23,0.77
49500,50700,3,1,1200,799,1.23,0.77
49500,50800,0,1,1300,699,1.33,0.67
49500,50800,1,1,1300,699,1.33,0.67
49500,50800,2,1,1300,699,1.33,0.67
49500,50800,3,1,1300,699,1.33,0.67
49500,50900,0,1,1400,599,1.43,0.57
49500,50900,1,1,1400,599,1.43,0.57
49500,50900,2,1,1400,599,1.43,0.57
49500,50900,3,1,1400,599,1.43,0.57
49500,51000,0,1,1500,499,1.53,0.47
49500,51000,1,1,1500,499,1.53,0.47
49500,51000,2,1,1500,499,1.53,0.47
49500,51000,3,1,1500,499,1.53,0.47
49500,51100,0,1,100,200,0.13,0.17
49500,51100,1,1,100,200,0.13,0.17
49500,51100,2,1,100,200,0.13,0.17
49500,51100,3,1,100,200,0.13,0.17
49500,51200,0,1,200,299,0.23,0.27
49500,51200,1,1,200,299,0.23,0.27
49500,51200,2,1,200,299,0.23,0.27
49500,51200,3,1,200,299,0.23,0.27
49500,51300,0,1,1800,199,1.83,0.17
49500,51300,1,1,1800,199,1.83,0.17
49500,51300,2,1,1800,199,1.83,0.17
49500,51300,3,1,1800,199,1.83,0.17
49500,51400,0,1,100,99,0.13,0.07
49500,51400,1,1,100,99,0.13,0.07
49500,51400,2,1,100,99,0.13,0.07
49500,51400,3,1,100,99,0.13,0.07
49500,52000,0,0,,,,
49500,52000,1,0,,,,
49500,52000,2,0,,,,
49500,52000,3,0,,,,
49600,50000,0,1,400,1000,0.43,0.97
49600,50000,1,1,400,1000,0.43,0.97
49600,50000,2,1,400,1000,0.43,0.97
49600,50000,3,1,400,1000,0.43,0.97
49600,50100,0,1,500,1000,0.53,0.97
49600,50100,1,1,500,1000,0.53,0.97
49600,50100,2,1,500,1000,0.53,0.97
49600,50100,3,1,500,1000,0.53,0.97
49600,50200,0,1,600,800,0.63,0.77
49600,50200,1,1,600,800,0.63,0.77
49600,50200,2,1,600,800,0.63,0.77
49600,50200,3,1,600,800,0.63,0.77
49600,50300,0,1,700,800,0.73,0.77
49600,50300,1,1,700,800,0.73,0.77
49600,50300,2,1,700,800,0.73,0.77
49600,50300,3,1,700,800,0.73,0.77
49600,50400,0,1,800,1000,0.83,0.97
49600,50400,1,1,800,1000,0.83,0.97
49600,50400,2,1,800,1000,0.83,0.97
49600,50400,3,1,800,1000,0.83,0.97
49600,50500,0,1,900,1000,0.93,0.97
49600,50500,1,1,900,1000,0.93,0.97
49600,50500,2,1,900,1000,0.93,0.97
49600,50500,3,1,900,1000,0.93,0.97
49600,50600,0,1,1000,999,1.03,0.97
49600,50600,1,1,1000,999,1.03,0.97
49600,50600,2,1,1000,999,1.03,0.97
49600,50600,3,1,1000,999,1.03,0.97
49600,50700,0,1,1100,899,1.13,0.87
49600,50700,1,1,1100,899,1.13,0.87
49600,50700,2,1,1100,899,1.13,0.87
49600,50700,3,1,1100,899,1.13,0.87
49600,50800,0,1,1200,799,1.23,0.77
49600,50800,1,1,1200,799,1.23,0.77
49600,50800,2,1,1200,799,1.23,0.77
49600,50800,3,1,1200,799,1.23,0.77
49600,50900,0,1,1300,699,1.33,0.67
49600,50900,1,1,1300,699,1.33,0.67
49600,50900,2,1,1300,699,1.33,0.67
49600,50900,3,1,1300,699,1.33,0.67
49600,51000,0,1,1400,599,1.43,0.57
49600,51000,1,1,1400,599,1.43,0.57
49600,51000,2,1,1400,599,1.43,0.57
49600,51000,3,1,1400,599,1.43,0.57
49600,51100,0,1,1500,499,1.53,0.47
49600,51100,1,1,1500,499,1.53,0.47
49600,51100,2,1,1500,499,1.53,0.47
49600,51100,3,1,1500,499,1.53,0.47
49600,51200,0,1,100,200,0.13,0.17
49600,51200,1,1,100,200,0.13,0.17
49600,51200,2,1,100,200,0.13,0.17
49600,51200,3,1,100,200,0.13,0.17
49600,51300,0,1,200,299,0.23,0.27
49600,51300,1,1,200,299,0.23,0.27
49600,51300,2,1,200,299,0.23,0.27
49600,51300,3,1,200,299,0.23,0.27
49600,51400,0,1,1800,199,1.83,0.17
49600,51400,1,1,1800,199,1.83,0.17
49600,51400,2,1,1800,199,1.83,0.17
49600,51400,3,1,1800,199,1.83,0.17
49600,51500,0,1,100,99,0.13,0.07
49600,51500,1,1,100,99,0.13,0.07
49600,51500,2,1,100,99,0.13,0.07
49600,51500,3,1,100,99,0.13,0.07
49600,52000,0,0,,,,
49600,52000,1,0,,,,
49600,52000,2,0,,,,
49600,52000,3,0,,,,
49700,50000,0,1,300,1000,0.33,0.97
49700,50000,1,1,300,1000,0.33,0.97
49700,50000,2,1,300,1000,0.33,0.97
49700,50000,3,1,300,1000,0.33,0.97
49700,50100,0,1,400,1000,0.43,0.97
49700,50100,1,1,400,1000,0.43,0.97
49700,50100,2,1,400,1000,0.43,0.97
49700,50100,3,1,400,1000,0.43,0.97
49700,50200,0,1,500,1000,0.53,0.97
49700,50200,1,1,500,1000,0.53,0.97
49700,50200,2,1,500,1000,0.53,0.97
49700,50200,3,1,500,1000,0.53,0.97
49700,50300,0,1,600,800,0.63,0.77
49700,50300,1,1,600,800,0.63,0.77
49700,50300,2,1,600,800,0.63,0.77
49700,50300,3,1,600,800,0.63,0.77
49700,50400,0,1,700,800,0.73,0.77
49700,50400,1,1,700,800,0.73,0.77
49700,50400,2,1,700,800,0.73,0.77
49700,50400,3,1,700,800,0.73,0.77
49700,50500,0,1,800,1000,0.83,0.97
49700,50500,1,1,800,1000,0.83,0.97
49700,50500,2,1,800,1000,0.83,0.97
49700,50500,3,1,800,1000,0.83,0.97
49700,50600,0,1,900,1000,0.93,0.97
49700,50600,1,1,900,1000,0.93,0.97
49700,50600,2,1,900,1000,0.93,0.97
49700,50600,3,1,900,1000,0.93,0.97
49700,50700,0,1,1000,999,1.03,0.97
49700,50700,1,1,1000,999,1.03,0.97
49700,50700,2,1,1000,999,1.03,0.97
49700,50700,3,1,1000,999,1.03,0.97
49700,50800,0,1,1100,899,1.13,0.87
49700,50800,1,1,1100,899,1.13,0.87
49700,50800,2,1,1100,899,1.13,0.87
49700,50800,3,1,1100,899,1.13,0.87
49700,50900,0,1,1200,799,1.23,0.77
49700,50900,1,1,1200,799,1.23,0.77
49700,50900,2,1,1200,799,1.23,0.77
49700,50900,3,1,1200,799,1.23,0.77
49700,51000,0,1,1300,699,1.33,0.67
49700,51000,1,1,1300,699,1.33,0.67
49700,51000,2,1,1300,699,1.33,0.67
49700,51000,3,1,1300,699,1.33,0.67
49700,51100,0,1,1400,599,1.43,0.57
49700,51100,1,1,1400,599,1.43,0.57
49700,51100,2,1,1400,599,1.43,0.57
49700,51100,3,1,1400,599,1.43,0.57
49700,51200,0,1,1500,499,1.53,0.47
49700,51200,1,1,1500,499,1.53,0.47
49700,51200,2,1,1500,499,1.53,0.47
49700,51200,3,1,1500,499,1.53,0.47
49700,51300,0,1,100,200,0.13,0.17
49700,51300,1,1,100,200,0.13,0.17
49700,51300,2,1,100,200,0.13,0.17
49700,51300,3,1,100,200,0.13,0.17
49700,51400,0,1,200,299,0.23,0.27
49700,51400,1,1,200,299,0.23,0.27
49700,51400,2,1,200,299,0.23,0.27
49700,51400,3,1,200,299,0.23,0.27
49700,51500,0,1,1800,199,1.83,0.17
49700,51500,1,1,1800,199,1.83,0.17
49700,51500,2,1,1800,199,1.83,0.17
49700,51500,3,1,1800,199,1.83,0.17
49700,51600,0,1,100,99,0.13,0.07
49700,51600,1,1,100,99,0.13,0.07
49700,51600,2,1,100,99,0.13,0.07
49700,51600,3,1,100,99,0.13,0.07
49700,52000,0,0,,,,
49700,52000,1,0,,,,
49700,52000,2,0,,,,
49700,52000,3,0,,,,
49800,50000,0,1,200,1000,0.23,0.97
49800,50000,1,1,200,1000,0.23,0.97
49800,50000,2,1,200,1000,0.23,0.97
49800,50000,3,1,200,1000,0.23,0.97
49800,50100,0,1,300,1000,0.33,0.97
49800,50100,1,1,300,1000,0.33,0.97
49800,50100,2,1,300,1000,0.33,0.97
49800,50100,3,1,300,1000,0.33,0.97
49800,50200,0,1,400,1000,0.43,0.97
49800,50200,1,1,400,1000,0.43,0.97
49800,50200,2,1,400,1000,0.43,0.97
49800,50200,3,1,400,1000,0.43,0.97
49800,50300,0,1,500,1000,0.53,0.97
49800,50300,1,1,500,1000,0.53,0.97
49800,50300,2,1,500,1000,0.53,0.97
49800,50300,3,1,500,1000,0.53,0.97
49800,50400,0,1,600,800,0.63,0.77
49800,50400,1,1,600,800,0.63,0.77
49800,50400,2,1,600,800,0.63,0.77
49800,50400,3,1,600,800,0.63,0.77
49800,50500,0,1,700,800,0.73,0.77
49800,50500,1,1,700,800,0.73,0.77
49800,50500,2,1,700,800,0.73,0.77
49800,50500,3,1,700,800,0.73,0.77
49800,50600,0,1,800,1000,0.83,0.97
49800,50600,1,1,800,1000,0.83,0.97
49800,50600,2,1,800,1000,0.83,0.97
49800,50600,3,1,800,1000,0.83,0.97
49800,50700,0,1,900,1000,0.93,0.97
49800,50700,1,1,900,1000,0.93,0.97
49800,50700,2,1,900,1000,0.93,0.97
49800,50700,3,1,900,1000,0.93,0.97
49800,50800,0,1,1000,999,1.03,0.97
49800,50800,1,1,1000,999,1.03,0.97
49800,50800,2,1,1000,999,1.03,0.97
49800,50800,3,1,1000,999,1.03,0.97
49800,50900,0,1,1100,899,1.13,0.87
49800,50900,1,1,1100,899,1.13,0.87
49800,50900,2,1,1100,899,1.13,0.87
49800,50900,3,1,1100,899,1.13,0.87
49800,51000,0,1,1200,799,1.23,0.77
49800,51000,1,1,1200,799,1.23,0.77
49800,51000,2,1,1200,799,1.23,0.77
49800,51000,3,1,1200,799,1.23,0.77
49800,51100,0,1,1300,699,1.33,0.67
49800,51100,1,1,1300,699,1.33,0.67
49800,51100,2,1,1300,699,1.33,0.67
49800,51100,3,1,1300,699,1.33,0.67
49800,51200,0,1,1400,599,1.43,0.57
49800,51200,1,1,1400,599,1.43,0.57
49800,51200,2,1,1400,599,1.43,0.57
49800,51200,3,1,1400,599,1.43,0.57
49800,51300,0,1,1500,499,1.53,0.47
49800,51300,1,1,1500,499,1.53,0.47
49800,51300,2,1,1500,499,1.53,0.47
49800,51300,3,1,1500,499,1.53,0.47
49800,51400,0,1,100,200,0.13,0.17
49800,51400,1,1,100,200,0.13,0.17
49800,51400,2,1,100,200,0.13,0.17
49800,51400,3,1,100,200,0.13,0.17
49800,51500,0,1,200,299,0.23,0.27
49800,51500,1,1,200,299,0.23,0.27
49800,51500,2,1,200,299,0.23,0.27
49800,51500,3,1,200,299,0.23,0.27
49800,51600,0,1,1800,199,1.83,0.17
49800,51600,1,1,1800,199,1.83,0.17
49800,51600,2,1,1800,199,1.83,0.17
49800,51600,3,1,1800,199,1.83,0.17
49800,51700,0,1,100,99,0.13,0.07
49800,51700,1,1,100,99,0.13,0.07
49800,51700,2,1,100,99,0.13,0.07
49800,51700,3,1,100,99,0.13,0.07
49800,52000,0,0,,,,
49800,52000,1,0,,,,
49800,52000,2,0,,,,
49800,52000,3,0,,,,
49900,50000,0,1,100,1000,0.13,0.97
49900,50000,1,1,100,1000,0.13,0.97
49900,50000,2,1,100,1000,0.13,0.97
49900,50000,3,1,100,1000,0.13,0.97
49900,50100,0,1,200,1000,0.23,0.97
49900,50100,1,1,200,1000,0.23,0.97
49900,50100,2,1,200,1000,0.23,0.97
49900,50100,3,1,200,1000,0.23,0.97
49900,50200,0,1,300,1000,0.33,0.97
49900,50200,1,1,300,1000,0.33,0.97
49900,50200,2,1,300,1000,0.33,0.97
49900,50200,3,1,300,1000,0.33,0.97
49900,50300,0,1,400,1000,0.43,0.97
49900,50300,1,1,400,1000,0.43,0.97
49900,50300,2,1,400,1000,0.43,0.97
49900,50300,3,1,400,1000,0.43,0.97
49900,50400,0,1,500,1000,0.53,0.97
49900,50400,1,1,500,1000,0.53,0.97
49900,50400,2,1,500,1000,0.53,0.97
49900,50400,3,1,500,1000,0.53,0.97
49900,50500,0,1,600,800,0.63,0.77
49900,50500,1,1,600,800,0.63,0.77
49900,50500,2,1,600,800,0.63,0.77
49900,50500,3,1,600,800,0.63,0.77
49900,50600,0,1,700,800,0.73,0.77
49900,50600,1,1,700,800,0.73,0.77
49900,50600,2,1,700,800,0.73,0.77
49900,50600,3,1,700,800,0.73,0.77
49900,50700,0,1,800,1000,0.83,0.97
49900,50700,1,1,800,1000,0.83,0.97
49900,50700,2,1,800,1000,0.83,0.97
49900,50700,3,1,800,1000,0.83,0.97
49900,50800,0,1,900,1000,0.93,0.97
49900,50800,1,1,900,1000,0.93,0.97
49900,50800,2,1,900,1000,0.93,0.97
49900,50800,3,1,900,1000,0.93,0.97
49900,50900,0,1,1000,999,1.03,0.97
49900,50900,1,1,1000,999,1.03,0.97
49900,50900,2,1,1000,999,1.03,0.97
49900,50900,3,1,1000,999,1.03,0.97
49900,51000,0,1,1100,899,1.13,0.87
49900,51000,1,1,1100,899,1.13,0.87
49900,51000,2,1,1100,899,1.13,0.87
49900,51000,3,1,1100,899,1.13,0.87
49900,51100,0,1,1200,799,1.23,0.77
49900,51100,1,1,1200,799,1.23,0.77
49900,51100,2,1,1200,799,1.23,0.77
49900,51100,3,1,1200,799,1.23,0.77
49900,51200,0,1,1300,699,1.33,0.67
49900,51200,1,1,1300,699,1.33,0.67
49900,51200,2,1,1300,699,1.33,0.67
49900,51200,3,1,1300,699,1.33,0.67
49900,51300,0,1,1400,599,1.43,0.57
49900,51300,1,1,1400,599,1.43,0.57
49900,51300,2,1,1400,599,1.43,0.57
49900,51300,3,1,1400,599,1.43,0.57
49900,51400,0,1,1500,499,1.53,0.47
49900,51400,1,1,1500,499,1.53,0.47
49900,51400,2,1,1500,499,1.53,0.47
49900,51400,3,1,1500,499,1.53,0.47
49900,51500,0,1,100,200,0.13,0.17
49900,51500,1,1,100,200,0.13,0.17
49900,51500,2,1,100,200,0.13,0.17
49900,51500,3,1,100,200,0.13,0.17
49900,51600,0,1,200,299,0.23,0.27
49900,51600,1,1,200,299,0.23,0.27
49900,51600,2,1,200,299,0.23,0.27
49900,51600,3,1,200,299,0.23,0.27
49900,51700,0,1,1800,199,1.83,0.17
49900,51700,1,1,1800,199,1.83,0.17
49900,51700,2,1,1800,199,1.83,0.17
49900,51700,3,1,1800,199,1.83,0.17
49900,51800,0,1,100,99,0.13,0.07
49900,51800,1,1,100,99,0.13,0.07
49900,51800,2,1,100,99,0.13,0.07
49900,51800,3,1,100,99,0.13,0.07
49900,52000,0,0,,,,
49900,52000,1,0,,,,
49900,52000,2,0,,,,
49900,52000,3,0,,,,
50000,50000,0,1,3000,1000,3.03,0.97
50000,50000,1,1,3000,1000,3.03,0.97
50000,50000,2,1,3000,1000,3.03,0.97
50000,50000,3,1,3000,1000,3.03,0.97
50000,50100,0,1,100,1000,0.13,0.97
50000,50100,1,1,100,1000,0.13,0.97
50000,50100,2,1,100,1000,0.13,0.97
50000,50100,3,1,100,1000,0.13,0.97
50000,50200,0,1,200,1000,0.23,0.97
50000,50200,1,1,200,1000,0.23,0.97
50000,50200,2,1,200,1000,0.23,0.97
50000,50200,3,1,200,1000,0.23,0.97
50000,50300,0,1,300,1000,0.33,0.97
50000,50300,1,1,300,1000,0.33,0.97
50000,50300,2,1,300,1000,0.33,0.97
50000,50300,3,1,300,1000,0.33,0.97
50000,50400,0,1,400,1000,0.43,0.97
50000,50400,1,1,400,1000,0.43,0.97
50000,50400,2,1,400,1000,0.43,0.97
50000,50400,3,1,400,1000,0.43,0.97
50000,50500,0,1,500,1000,0.53,0.97
50000,50500,1,1,500,1000,0.53,0.97
50000,50500,2,1,500,1000,0.53,0.97
50000,50500,3,1,500,1000,0.53,0.97
50000,50600,0,1,600,800,0.63,0.77
50000,50600,1,1,600,800,0.63,0.77
50000,50600,2,1,600,800,0.63,0.77
50000,50600,3,1,600,800,0.63,0.77
50000,50700,0,1,700,800,0.73,0.77
50000,50700,1,1,700,800,0.73,0.77
50000,50700,2,1,700,800,0.73,0.77
50000,50700,3,1,700,800,0.73,0.77
50000,50800,0,1,800,1000,0.83,0.97
50000,50800,1,1,800,1000,0.83,0.97
50000,50800,2,1,800,1000,0.83,0.97
50000,50800,3,1,800,1000,0.83,0.97
50000,50900,0,1,900,1000,0.93,0.97
50000,50900,1,1,900,1000,0.93,0.97
50000,50900,2,1,900,1000,0.93,0.97
50000,50900,3,1,900,1000,0.93,0.97
50000,51000,0,1,1000,999,1.03,0.97
50000,51000,1,1,1000,999,1.03,0.97
50000,51000,2,1,1000,999,1.03,0.97
50000,51000,3,1,1000,999,1.03,0.97
50000,51100,0,1,1100,899,1.13,0.87
50000,51100,1,1,1100,899,1.13,0.87
50000,51100,2,1,1100,899,1.13,0.87
50000,51100,3,1,1100,899,1.13,0.87
50000,51200,0,1,1200,799,1.23,0.77
50000,51200,1,1,1200,799,1.23,0.77
50000,51200,2,1,1200,799,1.23,0.77
50000,51200,3,1,1200,799,1.23,0.77
50000,51300,0,1,1300,699,1.33,0.67
50000,51300,1,1,1300,699,1.33,0.67
50000,51300,2,1,1300,699,1.33,0.67
50000,51300,3,1,1300,699,1.33,0.67
50000,51400,0,1,1400,599,1.43,0.57
50000,51400,1,1,1400,599,1.43,0.57
50000,51400,2,1,1400,599,1.43,0.57
50000,51400,3,1,1400,599,1.43,0.57
50000,51500,0,1,1500,499,1.53,0.47
50000,51500,1,1,1500,499,1.53,0.47
50000,51500,2,1,1500,499,1.53,0.47
50000,51500,3,1,1500,499,1.53,0.47
50000,51600,0,1,100,200,0.13,0.17
50000,51600,1,1,100,200,0.13,0.17
50000,51600,2,1,100,200,0.13,0.17
50000,51600,3,1,100,200,0.13,0.17
50000,51700,0,1,200,299,0.23,0.27
50000,51700,1,1,200,299,0.23,0.27
50000,51700,2,1,200,299,0.23,0.27
50000,51700,3,1,200,299,0.23,0.27
50000,51800,0,1,1800,199,1.83,0.17
50000,51800,1,1,1800,199,1.83,0.17
50000,51800,2,1,1800,199,1.83,0.17
50000,51800,3,1,1800,199,1.83,0.17
50000,51900,0,1,100,99,0.13,0.07
50000,51900,1,1,100,99,0.13,0.07
50000,51900,2,1,100,99,0.13,0.07
50000,51900,3,1,100,99,0.13,0.07
50000,52000,0,0,,,,
50000,52000,1,0,,,,
50000,52000,2,0,,,,
50000,52000,3,0,,,,
50100,50100,0,1,3000,1000,3.03,0.97
50100,50100,1,1,3000,1000,3.03,0.97
50100,50100,2,1,3000,1000,3.03,0.97
50100,50100,3,1,3000,1000,3.03,0.97
50100,50200,0,1,100,1000,0.13,0.97
50100,50200,1,1,100,1000,0.13,0.97
50100,50200,2,1,100,1000,0.13,0.97
50100,50200,3,1,100,1000,0.13,0.97
50100,50300,0,1,200,1000,0.23,0.97
50100,50300,1,1,200,1000,0.23,0.97
50100,50300,2,1,200,1000,0.23,0.97
50100,50300,3,1,200,1000,0.23,0.97
50100,50400,0,1,300,1000,0.33,0.97
50100,50400,1,1,300,1000,0.33,0.97
50100,50400,2,1,300,1000,0.33,0.97
50100,50400,3,1,300,1000,0.33,0.97
50100,50500,0,1,400,1000,0.43,0.97
50100,50500,1,1,400,1000,0.43,0.97
50100,50500,2,1,400,1000,0.43,0.97
50100,50500,3,1,400,1000,0.43,0.97
50100,50600,0,1,500,1000,0.53,0.97
50100,50600,1,1,500,1000,0.53,0.97
50100,50600,2,1,500,1000,0.53,0.97
50100,50600,3,1,500,1000,0.53,0.97
50100,50700,0,1,600,800,0.63,0.77
50100,50700,1,1,600,800,0.63,0.77
50100,50700,2,1,600,800,0.63,0.77
50100,50700,3,1,600,800,0.63,0.77
50100,50800,0,1,700,800,0.73,0.77
50100,50800,1,1,700,800,0.73,0.77
50100,50800,2,1,700,800,0.73,0.77
50100,50800,3,1,700,800,0.73,0.77
50100,50900,0,1,800,1000,0.83,0.97
50100,50900,1,1,800,1000,0.83,0.97
50100,50900,2,1,800,1000,0.83,0.97
50100,50900,3,1,800,1000,0.83,0.97
50100,51000,0,1,900,1000,0.93,0.97
50100,51000,1,1,900,1000,0.93,0.97
50100,51000,2,1,900,1000,0.93,0.97
50100,51000,3,1,900,1000,0.93,0.97
50100,51100,0,1,1000,999,1.03,0.97
50100,51100,1,1,1000,999,1.03,0.97
50100,51100,2,1,1000,999,1.03,0.97
50100,51100,3,1,1000,999,1.03,0.97
50100,51200,0,1,1100,899,1.13,0.87
50100,51200,1,1,1100,899,1.13,0.87
50100,51200,2,1,1100,899,1.13,0.87
50100,51200,3,1,1100,899,1.13,0.87
50100,51300,0,1,1200,799,1.23,0.77
50100,51300,1,1,1200,799,1.23,0.77
50100,51300,2,1,1200,799,1.23,0.77
50100,51300,3,1,1200,799,1.23,0.77
50100,51400,0,1,1300,699,1.33,0.67
50100,51400,1,1,1300,699,1.33,0.67
50100,51400,2,1,1300,699,1.33,0.67
50100,51400,3,1,1300,699,1.33,0.67
50100,51500,0,1,1400,599,1.43,0.57
50100,51500,1,1,1400,599,1.43,0.57
50100,51500,2,1,1400,599,1.43,0.57
50100,51500,3,1,1400,599,1.43,0.57
50100,51600,0,1,1500,499,1.53,0.47
50100,51600,1,1,1500,499,1.53,0.47
50100,51600,2,1,1500,499,1.53,0.47
50100,51600,3,1,1500,499,1.53,0.47
50100,51700,0,1,100,200,0.13,0.17
50100,51700,1,1,100,200,0.13,0.17
50100,51700,2,1,100,200,0.13,0.17
50100,51700,3,1,100,200,0.13,0.17
50100,51800,0,1,200,299,0.23,0.27
50100,51800,1,1,200,299,0.23,0.27
50100,51800,2,1,200,299,0.23,0.27
50100,51800,3,1,200,299,0.23,0.27
50100,51900,0,1,1800,199,1.83,0.17
50100,51900,1,1,1800,199,1.83,0.17
50100,51900,2,1,1800,199,1.83,0.17
50100,51900,3,1,1800,199,1.83,0.17
50100,52000,0,1,3000,99,3.03,0.07
50100,52000,1,1,3000,99,3.03,0.07
50100,52000,2,1,3000,99,3.03,0.07
50100,52000,3,1,3000,99,3.03,0.07
50200,50200,0,1,3000,1000,3.03,0.97
50200,50200,1,1,3000,1000,3.03,0.97
50200,50200,2,1,3000,1000,3.03,0.97
50200,50200,3,1,3000,1000,3.03,0.97
50200,50300,0,1,100,1000,0.13,0.97
50200,50300,1,1,100,1000,0.13,0.97
50200,50300,2,1,100,1000,0.13,0.97
50200,50300,3,1,100,1000,0.13,0.97
50200,50400,0,1,200,1000,0.23,0.97
50200,50400,1,1,200,1000,0.23,0.97
50200,50400,2,1,200,1000,0.23,0.97
50200,50400,3,1,200,1000,0.23,0.97
50200,50500,0,1,300,1000,0.33,0.97
50200,50500,1,1,300,1000,0.33,0.97
50200,50500,2,1,300,1000,0.33,0.97
50200,50500,3,1,300,1000,0.33,0.97
50200,50600,0,1,400,1000,0.43,0.97
50200,50600,1,1,400,1000,0.43,0.97
50200,50600,2,1,400,1000,0.43,0.97
50200,50600,3,1,400,1000,0.43,0.97
50200,50700,0,1,500,1000,0.53,0.97
50200,50700,1,1,500,1000,0.53,0.97
50200,50700,2,1,500,1000,0.53,0.97
50200,50700,3,1,500,1000,0.53,0.97
50200,50800,0,1,600,800,0.63,0.77
50200,50800,1,1,600,800,0.63,0.77
50200,50800,2,1,600,800,0.63,0.77
50200,50800,3,1,600,800,0.63,0.77
50200,50900,0,1,700,800,0.73,0.77
50200,50900,1,1,700,800,0.73,0.77
50200,50900,2,1,700,800,0.73,0.77
50200,50900,3,1,700,800,0.73,0.77
50200,51000,0,1,800,1000,0.83,0.97
50200,51000,1,1,800,1000,0.83,0.97
50200,51000,2,1,800,1000,0.83,0.97
50200,51000,3,1,800,1000,0.83,0.97
50200,51100,0,1,900,1000,0.93,0.97
50200,51100,1,1,900,1000,0.93,0.97
50200,51100,2,1,900,1000,0.93,0.97
50200,51100,3,1,900,1000,0.93,0.97
50200,51200,0,1,1000,999,1.03,0.97
50200,51200,1,1,1000,999,1.03,0.97
50200,51200,2,1,1000,999,1.03,0.97
50200,51200,3,1,1000,999,1.03,0.97
50200,51300,0,1,1100,899,1.13,0.87
50200,51300,1,1,1100,899,1.13,0.87
50200,51300,2,1,1100,899,1.13,0.87
50200,51300,3,1,1100,899,1.13,0.87
50200,51400,0,1,1200,799,1.23,0.77
50200,51400,1,1,1200,799,1.23,0.77
50200,51400,2,1,1200,799,1.23,0.77
50200,51400,3,1,1200,799,1.23,0.77
50200,51500,0,1,1300,699,1.33,0.67
50200,51500,1,1,1300,699,1.33,0.67
50200,51500,2,1,1300,699,1.33,0.67
50200,51500,3,1,1300,699,1.33,0.67
50200,51600,0,1,1400,599,1.43,0.57
50200,51600,1,1,1400,599,1.43,0.57
50200,51600,2,1,1400,599,1.43,0.57
50200,51600,3,1,1400,599,1.43,0.57
50200,51700,0,1,1500,499,1.53,0.47
50200,51700,1,1,1500,499,1.53,0.47
50200,51700,2,1,1500,499,1.53,0.47
50200,51700,3,1,1500,499,1.53,0.47
50200,51800,0,1,100,200,0.13,0.17
50200,51800,1,1,100,200,0.13,0.17
50200,51800,2,1,100,200,0.13,0.17
50200,51800,3,1,100,200,0.13,0.17
50200,51900,0,1,200,299,0.23,0.27
50200,51900,1,1,200,299,0.23,0.27
50200,51900,2,1,200,299,0.23,0.27
50200,51900,3,1,200,299,0.23,0.27
50200,52000,0,1,3000,199,3.03,0.17
50200,52000,1,1,3000,199,3.03,0.17
50200,52000,2,1,3000,199,3.03,0.17
50200,52000,3,1,3000,199,3.03,0.17
50300,50300,0,1,3000,1000,3.03,0.97
50300,50300,1,1,3000,1000,3.03,0.97
50300,50300,2,1,3000,1000,3.03,0.97
50300,50300,3,1,3000,1000,3.03,0.97
50300,50400,0,1,100,1000,0.13,0.97
50300,50400,1,1,100,1000,0.13,0.97
50300,50400,2,1,100,1000,0.13,0.97
50300,50400,3,1,100,1000,0.13,0.97
50300,50500,0,1,200,1000,0.23,0.97
50300,50500,1,1,200,1000,0.23,0.97
50300,50500,2,1,200,1000,0.23,0.97
50300,50500,3,1,200,1000,0.23,0.97
50300,50600,0,1,300,1000,0.33,0.97
50300,50600,1,1,300,1000,0.33,0.97
50300,50600,2,1,300,1000,0.33,0.97
50300,50600,3,1,300,1000,0.33,0.97
50300,50700,0,1,400,1000,0.43,0.97
50300,50700,1,1,400,1000,0.43,0.97
50300,50700,2,1,400,1000,0.43,0.97
50300,50700,3,1,400,1000,0.43,0.97
50300,50800,0,1,500,1000,0.53,0.97
50300,50800,1,1,500,1000,0.53,0.97
50300,50800,2,1,500,1000,0.53,0.97
50300,50800,3,1,500,1000,0.53,0.97
50300,50900,0,1,600,800,0.63,0.77
50300,50900,1,1,600,800,0.63,0.77
50300,50900,2,1,600,800,0.63,0.77
50300,50900,3,1,600,800,0.63,0.77
50300,51000,0,1,700,800,0.73,0.77
50300,51000,1,1,700,800,0.73,0.77
50300,51000,2,1,700,800,0.73,0.77
50300,51000,3,1,700,800,0.73,0.77
50300,51100,0,1,800,1000,0.83,0.97
50300,51100,1,1,800,1000,0.83,0.97
50300,51100,2,1,800,1000,0.83,0.97
50300,51100,3,1,800,1000,0.83,0.97
50300,51200,0,1,900,1000,0.93,0.97
50300,51200,1,1,900,1000,0.93,0.97
50300,51200,2,1,900,1000,0.93,0.97
50300,51200,3,1,900,1000,0.93,0.97
50300,51300,0,1,1000,999,1.03,0.97
50300,51300,1,1,1000,999,1.03,0.97
50300,51300,2,1,1000,999,1.03,0.97
50300,51300,3,1,1000,999,1.03,0.97
50300,51400,0,1,1100,899,1.13,0.87
50300,51400,1,1,1100,899,1.13,0.87
50300,51400,2,1,1100,899,1.13,0.87
50300,51400,3,1,1100,899,1.13,0.87
50300,51500,0,1,1200,799,1.23,0.77
50300,51500,1,1,1200,799,1.23,0.77
50300,51500,2,1,1200,799,1.23,0.77
50300,51500,3,1,1200,799,1.23,0.77
50300,51600,0,1,1300,699,1.33,0.67
50300,51600,1,1,1300,699,1.33,0.67
50300,51600,2,1,1300,699,1.33,0.67
50300,51600,3,1,1300,699,1.33,0.67
50300,51700,0,1,1400,599,1.43,0.57
50300,51700,1,1,1400,599,1.43,0.57
50300,51700,2,1,1400,599,1.43,0.57
50300,51700,3,1,1400,599,1.43,0.57
50300,51800,0,1,1500,499,1.53,0.47
50300,51800,1,1,1500,499,1.53,0.47
50300,51800,2,1,1500,499,1.53,0.47
50300,51800,3,1,1500,499,1.53,0.47
50300,51900,0,1,100,200,0.13,0.17
50300,51900,1,1,100,200,0.13,0.17
50300,51900,2,1,100,200,0.13,0.17
50300,51900,3,1,100,200,0.13,0.17
50300,52000,0,1,3000,299,3.03,0.27
50300,52000,1,1,3000,299,3.03,0.27
50300,52000,2,1,3000,299,3.03,0.27
50300,52000,3,1,3000,299,3.03,0.27
50400,50400,0,1,3000,1000,3.03,0.97
50400,50400,1,1,3000,1000,3.03,0.97
50400,50400,2,1,3000,1000,3.03,0.97
50400,50400,3,1,3000,1000,3.03,0.97
50400,50500,0,1,100,1000,0.13,0.97
50400,50500,1,1,100,1000,0.13,0.97
50400,50500,2,1,100,1000,0.13,0.97
50400,50500,3,1,100,1000,0.13,0.97
50400,50600,0,1,200,1000,0.23,0.97
50400,50600,1,1,200,1000,0.23,0.97
50400,50600,2,1,200,1000,0.23,0.97
50400,50600,3,1,200,1000,0.23,0.97
50400,50700,0,1,300,1000,0.33,0.97
50400,50700,1,1,300,1000,0.33,0.97
50400,50700,2,1,300,1000,0.33,0.97
50400,50700,3,1,300,1000,0.33,0.97
50400,50800,0,1,400,1000,0.43,0.97
50400,50800,1,1,400,1000,0.43,0.97
50400,50800,2,1,400,1000,0.43,0.97
50400,50800,3,1,400,1000,0.43,0.97
50400,50900,0,1,500,1000,0.53,0.97
50400,50900,1,1,500,1000,0.53,0.97
50400,50900,2,1,500,1000,0.53,0.97
50400,50900,3,1,500,1000,0.53,0.97
50400,51000,0,1,600,800,0.63,0.77
50400,51000,1,1,600,800,0.63,0.77
50400,51000,2,1,600,800,0.63,0.77
50400,51000,3,1,600,800,0.63,0.77
50400,51100,0,1,700,800,0.73,0.77
50400,51100,1,1,700,800,0.73,0.77
50400,51100,2,1,700,800,0.73,0.77
50400,51100,3,1,700,800,0.73,0.77
50400,51200,0,1,800,1000,0.83,0.97
50400,51200,1,1,800,1000,0.83,0.97
50400,51200,2,1,800,1000,0.83,0.97
50400,51200,3,1,800,1000,0.83,0.97
50400,51300,0,1,900,1000,0.93,0.97
50400,51300,1,1,900,1000,0.93,0.97
50400,51300,2,1,900,1000,0.93,0.97
50400,51300,3,1,900,1000,0.93,0.97
50400,51400,0,1,1000,999,1.03,0.97
50400,51400,1,1,1000,999,1.03,0.97
50400,51400,2,1,1000,999,1.03,0.97
50400,51400,3,1,1000,999,1.03,0.97
50400,51500,0,1,1100,899,1.13,0.87
50400,51500,1,1,1100,899,1.13,0.87
50400,51500,2,1,1100,899,1.13,0.87
50400,51500,3,1,1100,899,1.13,0.87
50400,51600,0,1,1200,799,1.23,0.77
50400,51600,1,1,1200,799,1.23,0.77
50400,51600,2,1,1200,799,1.23,0.77
50400,51600,3,1,1200,799,1.23,0.77
50400,51700,0,1,1300,699,1.33,0.67
50400,51700,1,1,1300,699,1.33,0.67
50400,51700,2,1,1300,699,1.33,0.67
50400,51700,3,1,1300,699,1.33,0.67
50400,51800,0,1,1400,599,1.43,0.57
50400,51800,1,1,1400,599,1.43,0.57
50400,51800,2,1,1400,599,1.43,0.57
50400,51800,3,1,1400,599,1.43,0.57
50400,51900,0,1,1500,499,1.53,0.47
50400,51900,1,1,1500,499,1.53,0.47
50400,51900,2,1,1500,499,1.53,0.47
50400,51900,3,1,1500,499,1.53,0.47
50400,52000,0,1,3000,399,3.03,0.37
50400,52000,1,1,3000,399,3.03,0.37
50400,52000,2,1,2500,399,2.53,0.37
50400,52000,3,1,3000,399,3.03,0.37
50500,50500,0,1,3000,1000,3.03,0.97
50500,50500,1,1,3000,1000,3.03,0.97
50500,50500,2,1,3000,1000,3.03,0.97
50500,50500,3,1,3000,1000,3.03,0.97
50500,50600,0,1,100,1000,0.13,0.97
50500,50600,1,1,100,1000,0.13,0.97
50500,50600,2,1,100,1000,0.13,0.97
50500,50600,3,1,100,1000,0.13,0.97
50500,50700,0,1,200,1000,0.23,0.97
50500,50700,1,1,200,1000,0.23,0.97
50500,50700,2,1,200,1000,0.23,0.97
50500,50700,3,1,200,1000,0.23,0.97
50500,50800,0,1,300,1000,0.33,0.97
50500,50800,1,1,300,1000,0.33,0.97
50500,50800,2,1,300,1000,0.33,0.97
50500,50800,3,1,300,1000,0.33,0.97
50500,50900,0,1,400,1000,0.43,0.97
50500,50900,1,1,400,1000,0.43,0.97
50500,50900,2,1,400,1000,0.43,0.97
50500,50900,3,1,400,1000,0.43,0.97
50500,51000,0,1,500,1000,0.53,0.97
50500,51000,1,1,500,1000,0.53,0.97
50500,51000,2,1,500,1000,0.53,0.97
50500,51000,3,1,500,1000,0.53,0.97
50500,51100,0,1,600,800,0.63,0.77
50500,51100,1,1,600,800,0.63,0.77
50500,51100,2,1,600,800,0.63,0.77
50500,51100,3,1,600,800,0.63,0.77
50500,51200,0,1,700,800,0.73,0.77
50500,51200,1,1,700,800,0.73,0.77
50500,51200,2,1,700,800,0.73,0.77
50500,51200,3,1,700,800,0.73,0.77
50500,51300,0,1,800,1000,0.83,0.97
50500,51300,1,1,800,1000,0.83,0.97
50500,51300,2,1,800,1000,0.83,0.97
50500,51300,3,1,800,1000,0.83,0.97
50500,51400,0,1,900,1000,0.93,0.97
50500,51400,1,1,900,1000,0.93,0.97
50500,51400,2,1,900,1000,0.93,0.97
50500,51400,3,1,900,1000,0.93,0.97
50500,51500,0,1,1000,999,1.03,0.97
50500,51500,1,1,1000,999,1.03,0.97
50500,51500,2,1,1000,999,1.03,0.97
50500,51500,3,1,1000,999,1.03,0.97
50500,51600,0,1,1100,899,1.13,0.87
50500,51600,1,1,1100,899,1.13,0.87
50500,51600,2,1,1100,899,1.13,0.87
50500,51600,3,1,1100,899,1.13,0.87
50500,51700,0,1,1200,799,1.23,0.77
50500,51700,1,1,1200,799,1.23,0.77
50500,51700,2,1,1200,799,1.23,0.77
50500,51700,3,1,1200,799,1.23,0.77
50500,51800,0,1,1300,699,1.33,0.67
50500,51800,1,1,1300,699,1.33,0.67
50500,51800,2,1,1300,699,1.33,0.67
50500,51800,3,1,1300,699,1.33,0.67
50500,51900,0,1,1400,599,1.43,0.57
50500,51900,1,1,1400,599,1.43,0.57
50500,51900,2,1,1400,599,1.43,0.57
50500,51900,3,1,1400,599,1.43,0.57
50500,52000,0,1,2500,499,2.53,0.47
50500,52000,1,1,2500,499,2.53,0.47
50500,52000,2,1,2500,499,2.53,0.47
50500,52000,3,1,3000,499,3.03,0.47
50600,50600,0,1,3000,1000,3.03,0.97
50600,50600,1,1,3000,1000,3.03,0.97
50600,50600,2,1,3000,1000,3.03,0.97
50600,50600,3,1,3000,1000,3.03,0.97
50600,50700,0,1,100,1000,0.13,0.97
50600,50700,1,1,100,1000,0.13,0.97
50600,50700,2,1,100,1000,0.13,0.97
50600,50700,3,1,100,1000,0.13,0.97
50600,50800,0,1,200,1000,0.23,0.97
50600,50800,1,1,200,1000,0.23,0.97
50600,50800,2,1,200,1000,0.23,0.97
50600,50800,3,1,200,1000,0.23,0.97
50600,50900,0,1,300,1000,0.33,0.97
50600,50900,1,1,300,1000,0.33,0.97
50600,50900,2,1,300,1000,0.33,0.97
50600,50900,3,1,300,1000,0.33,0.97
50600,51000,0,1,400,1000,0.43,0.97
50600,51000,1,1,400,1000,0.43,0.97
50600,51000,2,1,400,1000,0.43,0.97
50600,51000,3,1,400,1000,0.43,0.97
50600,51100,0,1,500,1000,0.53,0.97
50600,51100,1,1,500,1000,0.53,0.97
50600,51100,2,1,500,1000,0.53,0.97
50600,51100,3,1,500,1000,0.53,0.97
50600,51200,0,1,600,800,0.63,0.77
50600,51200,1,1,600,800,0.63,0.77
50600,51200,2,1,600,800,0.63,0.77
50600,51200,3,1,600,800,0.63,0.77
50600,51300,0,1,700,800,0.73,0.77
50600,51300,1,1,700,800,0.73,0.77
50600,51300,2,1,700,800,0.73,0.77
50600,51300,3,1,700,800,0.73,0.77
50600,51400,0,1,800,1000,0.83,0.97
50600,51400,1,1,800,1000,0.83,0.97
50600,51400,2,1,800,1000,0.83,0.97
50600,51400,3,1,800,1000,0.83,0.97
50600,51500,0,1,900,1000,0.93,0.97
50600,51500,1,1,900,1000,0.93,0.97
50600,51500,2,1,900,1000,0.93,0.97
50600,51500,3,1,900,1000,0.93,0.97
50600,51600,0,1,1000,999,1.03,0.97
50600,51600,1,1,1000,999,1.03,0.97
50600,51600,2,1,1000,999,1.03,0.97
50600,51600,3,1,1000,999,1.03,0.97
50600,51700,0,1,1100,899,1.13,0.87
50600,51700,1,1,1100,899,1.13,0.87
50600,51700,2,1,1100,899,1.13,0.87
50600,51700,3,1,1100,899,1.13,0.87
50600,51800,0,1,1200,799,1.23,0.77
50600,51800,1,1,1200,799,1.23,0.77
50600,51800,2,1,1200,799,1.23,0.77
50600,51800,3,1,1200,799,1.23,0.77
50600,51900,0,1,1300,699,1.33,0.67
50600,51900,1,1,1300,699,1.33,0.67
50600,51900,2,1,1300,699,1.33,0.67
50600,51900,3,1,1300,699,1.33,0.67
50600,52000,0,1,2500,599,2.53,0.57
50600,52000,1,1,2500,599,2.53,0.57
50600,52000,2,1,2500,599,2.53,0.57
50600,52000,3,1,3000,599,3.03,0.57
50700,50700,0,1,3000,1000,3.03,0.97
50700,50700,1,1,3000,1000,3.03,0.97
50700,50700,2,1,3000,1000,3.03,0.97
50700,50700,3,1,3000,1000,3.03,0.97
50700,50800,0,1,100,1000,0.13,0.97
50700,50800,1,1,100,1000,0.13,0.97
50700,50800,2,1,100,1000,0.13,0.97
50700,50800,3,1,100,1000,0.13,0.97
50700,50900,0,1,200,1000,0.23,0.97
50700,50900,1,1,200,1000,0.23,0.97
50700,50900,2,1,200,1000,0.23,0.97
50700,50900,3,1,200,1000,0.23,0.97
50700,51000,0,1,300,1000,0.33,0.97
50700,51000,1,1,300,1000,0.33,0.97
50700,51000,2,1,300,1000,0.33,0.97
50700,51000,3,1,300,1000,0.33,0.97
50700,51100,0,1,400,1000,0.43,0.97
50700,51100,1,1,400,1000,0.43,0.97
50700,51100,2,1,400,1000,0.43,0.97
50700,51100,3,1,400,1000,0.43,0.97
50700,51200,0,1,500,1000,0.53,0.97
50700,51200,1,1,500,1000,0.53,0.97
50700,51200,2,1,500,1000,0.53,0.97
50700,51200,3,1,500,1000,0.53,0.97
50700,51300,0,1,600,800,0.63,0.77
50700,51300,1,1,600,800,0.63,0.77
50700,51300,2,1,600,800,0.63,0.77
50700,51300,3,1,600,800,0.63,0.77
50700,51400,0,1,700,800,0.73,0.77
50700,51400,1,1,700,800,0.73,0.77
50700,51400,2,1,700,800,0.73,0.77
50700,51400,3,1,700,800,0.73,0.77
50700,51500,0,1,800,1000,0.83,0.97
50700,51500,1,1,800,1000,0.83,0.97
50700,51500,2,1,800,1000,0.83,0.97
50700,51500,3,1,800,1000,0.83,0.97
50700,51600,0,1,900,1000,0.93,0.97
50700,51600,1,1,900,1000,0.93,0.97
50700,51600,2,1,900,1000,0.93,0.97
50700,51600,3,1,900,1000,0.93,0.97
50700,51700,0,1,1000,999,1.03,0.97
50700,51700,1,1,1000,999,1.03,0.97
50700,51700,2,1,1000,999,1.03,0.97
50700,51700,3,1,1000,999,1.03,0.97
50700,51800,0,1,1100,899,1.13,0.87
50700,51800,1,1,1100,899,1.13,0.87
50700,51800,2,1,1100,899,1.13,0.87
50700,51800,3,1,1100,899,1.13,0.87
50700,51900,0,1,1200,799,1.23,0.77
50700,51900,1,1,1200,799,1.23,0.77
50700,51900,2,1,1200,799,1.23,0.77
50700,51900,3,1,1200,799,1.23,0.77
50700,52000,0,1,2500,699,2.53,0.67
50700,52000,1,1,2500,699,2.53,0.67
50700,52000,2,1,2500,699,2.53,0.67
50700,52000,3,1,3000,699,3.03,0.67
50800,50800,0,1,3000,1000,3.03,0.97
50800,50800,1,1,3000,1000,3.03,0.97
50800,50800,2,1,3000,1000,3.03,0.97
50800,50800,3,1,3000,1000,3.03,0.97
50800,50900,0,1,100,1000,0.13,0.97
50800,50900,1,1,100,1000,0.13,0.97
50800,50900,2,1,100,1000,0.13,0.97
50800,50900,3,1,100,1000,0.13,0.97
50800,51000,0,1,200,1000,0.23,0.97
50800,51000,1,1,200,1000,0.23,0.97
50800,51000,2,1,200,1000,0.23,0.97
50800,51000,3,1,200,1000,0.23,0.97
50800,51100,0,1,300,1000,0.33,0.97
50800,51100,1,1,300,1000,0.33,0.97
50800,51100,2,1,300,1000,0.33,0.97
50800,51100,3,1,300,1000,0.33,0.97
50800,51200,0,1,400,1000,0.43,0.97
50800,51200,1,1,400,1000,0.43,0.97
50800,51200,2,1,400,1000,0.43,0.97
50800,51200,3,1,400,1000,0.43,0.97
50800,51300,0,1,500,1000,0.53,0.97
50800,51300,1,1,500,1000,0.53,0.97
50800,51300,2,1,500,1000,0.53,0.97
50800,51300,3,1,500,1000,0.53,0.97
50800,51400,0,1,600,800,0.63,0.77
50800,51400,1,1,600,800,0.63,0.77
50800,51400,2,1,600,800,0.63,0.77
50800,51400,3,1,600,800,0.63,0.77
50800,51500,0,1,700,800,0.73,0.77
50800,51500,1,1,700,800,0.73,0.77
50800,51500,2,1,700,800,0.73,0.77
50800,51500,3,1,700,800,0.73,0.77
50800,51600,0,1,800,1000,0.83,0.97
50800,51600,1,1,800,1000,0.83,0.97
50800,51600,2,1,800,1000,0.83,0.97
50800,51600,3,1,800,1000,0.83,0.97
50800,51700,0,1,900,1000,0.93,0.97
50800,51700,1,1,900,1000,0.93,0.97
50800,51700,2,1,900,1000,0.93,0.97
50800,51700,3,1,900,1000,0.93,0.97
50800,51800,0,1,1000,999,1.03,0.97
50800,51800,1,1,1000,999,1.03,0.97
50800,51800,2,1,1000,999,1.03,0.97
50800,51800,3,1,1000,999,1.03,0.97
50800,51900,0,1,1100,899,1.13,0.87
50800,51900,1,1,1100,899,1.13,0.87
50800,51900,2,1,1100,899,1.13,0.87
50800,51900,3,1,1100,899,1.13,0.87
50800,52000,0,1,2500,799,2.53,0.77
50800,52000,1,1,2500,799,2.53,0.77
50800,52000,2,1,2500,799,2.53,0.77
50800,52000,3,1,3000,799,3.03,0.77
50900,50900,0,1,3000,1000,3.03,0.97
50900,50900,1,1,3000,1000,3.03,0.97
50900,50900,2,1,3000,1000,3.03,0.97
50900,50900,3,1,3000,1000,3.03,0.97
50900,51000,0,1,100,1000,0.13,0.97
50900,51000,1,1,100,1000,0.13,0.97
50900,51000,2,1,100,1000,0.13,0.97
50900,51000,3,1,100,1000,0.13,0.97
50900,51100,0,1,200,1000,0.23,0.97
50900,51100,1,1,200,1000,0.23,0.97
50900,51100,2,1,200,1000,0.23,0.97
50900,51100,3,1,200,1000,0.23,0.97
50900,51200,0,1,300,1000,0.33,0.97
50900,51200,1,1,300,1000,0.33,0.97
50900,51200,2,1,300,1000,0.33,0.97
50900,51200,3,1,300,1000,0.33,0.97
50900,51300,0,1,400,1000,0.43,0.97
50900,51300,1,1,400,1000,0.43,0.97
50900,51300,2,1,400,1000,0.43,0.97
50900,51300,3,1,400,1000,0.43,0.97
50900,51400,0,1,500,1000,0.53,0.97
50900,51400,1,1,500,1000,0.53,0.97
50900,51400,2,1,500,1000,0.53,0.97
50900,51400,3,1,500,1000,0.53,0.97
50900,51500,0,1,600,800,0.63,0.77
50900,51500,1,1,600,800,0.63,0.77
50900,51500,2,1,600,800,0.63,0.77
50900,51500,3,1,600,800,0.63,0.77
50900,51600,0,1,700,800,0.73,0.77
50900,51600,1,1,700,800,0.73,0.77
50900,51600,2,1,700,800,0.73,0.77
50900,51600,3,1,700,800,0.73,0.77
50900,51700,0,1,800,1000,0.83,0.97
50900,51700,1,1,800,1000,0.83,0.97
50900,51700,2,1,800,1000,0.83,0.97
50900,51700,3,1,800,1000,0.83,0.97
50900,51800,0,1,900,1000,0.93,0.97
50900,51800,1,1,900,1000,0.93,0.97
50900,51800,2,1,900,1000,0.93,0.97
50900,51800,3,1,900,1000,0.93,0.97
50900,51900,0,1,1000,999,1.03,0.97
50900,51900,1,1,1000,999,1.03,0.97
50900,51900,2,1,1000,999,1.03,0.97
50900,51900,3,1,1000,999,1.03,0.97
50900,52000,0,1,2500,899,2.53,0.87
50900,52000,1,1,2500,899,2.53,0.87
50900,52000,2,1,2000,899,2.03,0.87
50900,52000,3,1,3000,899,3.03,0.87
51000,51000,0,1,3000,1000,3.03,0.97
51000,51000,1,1,3000,1000,3.03,0.97
51000,51000,2,1,3000,1000,3.03,0.97
51000,51000,3,1,3000,1000,3.03,0.97
51000,51100,0,1,100,1000,0.13,0.97
51000,51100,1,1,100,1000,0.13,0.97
51000,51100,2,1,100,1000,0.13,0.97
51000,51100,3,1,100,1000,0.13,0.97
51000,51200,0,1,200,1000,0.23,0.97
51000,51200,1,1,200,1000,0.23,0.97
51000,51200,2,1,200,1000,0.23,0.97
51000,51200,3,1,200,1000,0.23,0.97
51000,51300,0,1,300,1000,0.33,0.97
51000,51300,1,1,300,1000,0.33,0.97
51000,51300,2,1,300,1000,0.33,0.97
51000,51300,3,1,300,1000,0.33,0.97
51000,51400,0,1,400,1000,0.43,0.97
51000,51400,1,1,400,1000,0.43,0.97
51000,51400,2,1,400,1000,0.43,0.97
51000,51400,3,1,400,1000,0.43,0.97
51000,51500,0,1,500,1000,0.53,0.97
51000,51500,1,1,500,1000,0.53,0.97
51000,51500,2,1,500,1000,0.53,0.97
51000,51500,3,1,500,1000,0.53,0.97
51000,51600,0,1,600,800,0.63,0.77
51000,51600,1,1,600,800,0.63,0.77
51000,51600,2,1,600,800,0.63,0.77
51000,51600,3,1,600,800,0.63,0.77
51000,51700,0,1,700,800,0.73,0.77
51000,51700,1,1,700,800,0.73,0.77
51000,51700,2,1,700,800,0.73,0.77
51000,51700,3,1,700,800,0.73,0.77
51000,51800,0,1,800,1000,0.83,0.97
51000,51800,1,1,800,1000,0.83,0.97
51000,51800,2,1,800,1000,0.83,0.97
51000,51800,3,1,800,1000,0.83,0.97
51000,51900,0,1,900,1000,0.93,0.97
51000,51900,1,1,900,1000,0.93,0.97
51000,51900,2,1,900,1000,0.93,0.97
51000,51900,3,1,900,1000,0.93,0.97
51000,52000,0,1,3000,999,3.03,0.97
51000,52000,1,1,3000,999,3.03,0.97
51000,52000,2,1,2000,999,2.03,0.97
51000,52000,3,1,3000,999,3.03,0.97
51100,51100,0,1,3000,1000,3.03,0.97
51100,51100,1,1,3000,1000,3.03,0.97
51100,51100,2,1,3000,1000,3.03,0.97
51100,51100,3,1,3000,1000,3.03,0.97
51100,51200,0,1,100,1000,0.13,0.97
51100,51200,1,1,100,1000,0.13,0.97
51100,51200,2,1,100,1000,0.13,0.97
51100,51200,3,1,100,1000,0.13,0.97
51100,51300,0,1,200,1000,0.23,0.97
51100,51300,1,1,200,1000,0.23,0.97
51100,51300,2,1,200,1000,0.23,0.97
51100,51300,3,1,200,1000,0.23,0.97
51100,51400,0,1,300,1000,0.33,0.97
51100,51400,1,1,300,1000,0.33,0.97
51100,51400,2,1,300,1000,0.33,0.97
51100,51400,3,1,300,1000,0.33,0.97
51100,51500,0,1,400,1000,0.43,0.97
51100,51500,1,1,400,1000,0.43,0.97
51100,51500,2,1,400,1000,0.43,0.97
51100,51500,3,1,400,1000,0.43,0.97
51100,51600,0,1,500,1000,0.53,0.97
51100,51600,1,1,500,1000,0.53,0.97
51100,51600,2,1,500,1000,0.53,0.97
51100,51600,3,1,500,1000,0.53,0.97
51100,51700,0,1,600,800,0.63,0.77
51100,51700,1,1,600,800,0.63,0.77
51100,51700,2,1,600,800,0.63,0.77
51100,51700,3,1,600,800,0.63,0.77
51100,51800,0,1,700,800,0.73,0.77
51100,51800,1,1,700,800,0.73,0.77
51100,51800,2,1,700,800,0.73,0.77
51100,51800,3,1,700,800,0.73,0.77
51100,51900,0,1,800,1000,0.83,0.97
51100,51900,1,1,800,1000,0.83,0.97
51100,51900,2,1,800,1000,0.83,0.97
51100,51900,3,1,800,1000,0.83,0.97
51100,52000,0,1,3000,1000,3.03,0.97
51100,52000,1,1,3000,1000,3.03,0.97
51100,52000,2,1,2000,1000,2.03,0.97
51100,52000,3,1,3000,1000,3.03,0.97
51200,51200,0,1,3000,1000,3.03,0.97
51200,51200,1,1,3000,1000,3.03,0.97
51200,51200,2,1,3000,1000,3.03,0.97
51200,51200,3,1,3000,1000,3.03,0.97
51200,51300,0,1,100,1000,0.13,0.97
51200,51300,1,1,100,1000,0.13,0.97
51200,51300,2,1,100,1000,0.13,0.97
51200,51300,3,1,100,1000,0.13,0.97
51200,51400,0,1,200,1000,0.23,0.97
51200,51400,1,1,200,1000,0.23,0.97
51200,51400,2,1,200,1000,0.23,0.97
51200,51400,3,1,200,1000,0.23,0.97
51200,51500,0,1,300,1000,0.33,0.97
51200,51500,1,1,300,1000,0.33,0.97
51200,51500,2,1,300,1000,0.33,0.97
51200,51500,3,1,300,1000,0.33,0.97
51200,51600,0,1,400,1000,0.43,0.97
51200,51600,1,1,400,1000,0.43,0.97
51200,51600,2,1,400,1000,0.43,0.97
51200,51600,3,1,400,1000,0.43,0.97
51200,51700,0,1,500,1000,0.53,0.97
51200,51700,1,1,500,1000,0.53,0.97
51200,51700,2,1,500,1000,0.53,0.97
51200,51700,3,1,500,1000,0.53,0.97
51200,51800,0,1,600,800,0.63,0.77
51200,51800,1,1,600,800,0.63,0.77
51200,51800,2,1,600,800,0.63,0.77
51200,51800,3,1,600,800,0.63,0.77
51200,51900,0,1,700,800,0.73,0.77
51200,51900,1,1,700,800,0.73,0.77
51200,51900,2,1,700,800,0.73,0.77
51200,51900,3,1,700,800,0.73,0.77
51200,52000,0,1,2000,1000,2.03,0.97
51200,52000,1,1,2000,1000,2.03,0.97
51200,52000,2,1,2000,1000,2.03,0.97
51200,52000,3,1,3000,1000,3.03,0.97
51300,51300,0,1,3000,1000,3.03,0.97
51300,51300,1,1,3000,1000,3.03,0.97
51300,51300,2,1,3000,1000,3.03,0.97
51300,51300,3,1,3000,1000,3.03,0.97
51300,51400,0,1,100,1000,0.13,0.97
51300,51400,1,1,100,1000,0.13,0.97
51300,51400,2,1,100,1000,0.13,0.97
51300,51400,3,1,100,1000,0.13,0.97
51300,51500,0,1,200,1000,0.23,0.97
51300,51500,1,1,200,1000,0.23,0.97
51300,51500,2,1,200,1000,0.23,0.97
51300,51500,3,1,200,1000,0.23,0.97
51300,51600,0,1,300,1000,0.33,0.97
51300,51600,1,1,300,1000,0.33,0.97
51300,51600,2,1,300,1000,0.33,0.97
51300,51600,3,1,300,1000,0.33,0.97
51300,51700,0,1,400,1000,0.43,0.97
51300,51700,1,1,400,1000,0.43,0.97
51300,51700,2,1,400,1000,0.43,0.97
51300,51700,3,1,400,1000,0.43,0.97
51300,51800,0,1,500,1000,0.53,0.97
51300,51800,1,1,500,1000,0.53,0.97
51300,51800,2,1,500,1000,0.53,0.97
51300,51800,3,1,500,1000,0.53,0.97
51300,51900,0,1,600,800,0.63,0.77
51300,51900,1,1,600,800,0.63,0.77
51300,51900,2,1,600,800,0.63,0.77
51300,51900,3,1,600,800,0.63,0.77
51300,52000,0,1,3000,1000,3.03,0.97
51300,52000,1,1,3000,1000,3.03,0.97
51300,52000,2,1,1800,1000,1.83,0.97
51300,52000,3,1,3000,1000,3.03,0.97
51400,51400,0,1,3000,1000,3.03,0.97
51400,51400,1,1,3000,1000,3.03,0.97
51400,51400,2,1,3000,1000,3.03,0.97
51400,51400,3,1,3000,1000,3.03,0.97
51400,51500,0,1,100,1000,0.13,0.97
51400,51500,1,1,100,1000,0.13,0.97
51400,51500,2,1,100,1000,0.13,0.97
51400,51500,3,1,100,1000,0.13,0.97
51400,51600,0,1,200,1000,0.23,0.97
51400,51600,1,1,200,1000,0.23,0.97
51400,51600,2,1,200,1000,0.23,0.97
51400,51600,3,1,200,1000,0.23,0.97
51400,51700,0,1,300,1000,0.33,0.97
51400,51700,1,1,300,1000,0.33,0.97
51400,51700,2,1,300,1000,0.33,0.97
51400,51700,3,1,300,1000,0.33,0.97
51400,51800,0,1,400,1000,0.43,0.97
51400,51800,1,1,400,1000,0.43,0.97
51400,51800,2,1,400,1000,0.43,0.97
51400,51800,3,1,400,1000,0.43,0.97
51400,51900,0,1,500,1000,0.53,0.97
51400,51900,1,1,500,1000,0.53,0.97
51400,51900,2,1,500,1000,0.53,0.97
51400,51900,3,1,500,1000,0.53,0.97
51400,52000,0,1,1800,1000,1.83,0.97
51400,52000,1,1,1800,1000,1.83,0.97
51400,52000,2,1,1800,1000,1.83,0.97
51400,52000,3,1,3000,1000,3.03,0.97
51500,51500,0,1,3000,1000,3.03,0.97
51500,51500,1,1,3000,1000,3.03,0.97
51500,51500,2,1,3000,1000,3.03,0.97
51500,51500,3,1,3000,1000,3.03,0.97
51500,51600,0,1,100,1000,0.13,0.97
51500,51600,1,1,100,1000,0.13,0.97
51500,51600,2,1,100,1000,0.13,0.97
51500,51600,3,1,100,1000,0.13,0.97
51500,51700,0,1,200,1000,0.23,0.97
51500,51700,1,1,200,1000,0.23,0.97
51500,51700,2,1,200,1000,0.23,0.97
51500,51700,3,1,200,1000,0.23,0.97
51500,51800,0,1,300,1000,0.33,0.97
51500,51800,1,1,300,1000,0.33,0.97
51500,51800,2,1,300,1000,0.33,0.97
51500,51800,3,1,300,1000,0.33,0.97
51500,51900,0,1,400,1000,0.43,0.97
51500,51900,1,1,400,1000,0.43,0.97
51500,51900,2,1,400,1000,0.43,0.97
51500,51900,3,1,400,1000,0.43,0.97
51500,52000,0,1,3000,1000,3.03,0.97
51500,52000,1,1,3000,1000,3.03,0.97
51500,52000,2,1,1500,1000,1.53,0.97
51500,52000,3,1,3000,1000,3.03,0.97
51600,51600,0,1,3000,1000,3.03,0.97
51600,51600,1,1,3000,1000,3.03,0.97
51600,51600,2,1,3000,1000,3.03,0.97
51600,51600,3,1,3000,1000,3.03,0.97
51600,51700,0,1,100,1000,0.13,0.97
51600,51700,1,1,100,1000,0.13,0.97
51600,51700,2,1,100,1000,0.13,0.97
51600,51700,3,1,100,1000,0.13,0.97
51600,51800,0,1,200,1000,0.23,0.97
51600,51800,1,1,200,1000,0.23,0.97
51600,51800,2,1,200,1000,0.23,0.97
51600,51800,3,1,200,1000,0.23,0.97
51600,51900,0,1,300,1000,0.33,0.97
51600,51900,1,1,300,1000,0.33,0.97
51600,51900,2,1,300,1000,0.33,0.97
51600,51900,3,1,300,1000,0.33,0.97
51600,52000,0,1,3000,1000,3.03,0.97
51600,52000,1,1,3000,1000,3.03,0.97
51600,52000,2,1,1500,1000,1.53,0.97
51600,52000,3,1,3000,1000,3.03,0.97
51700,51700,0,1,3000,1000,3.03,0.97
51700,51700,1,1,3000,1000,3.03,0.97
51700,51700,2,1,3000,1000,3.03,0.97
51700,51700,3,1,3000,1000,3.03,0.97
51700,51800,0,1,100,1000,0.13,0.97
51700,51800,1,1,100,1000,0.13,0.97
51700,51800,2,1,100,1000,0.13,0.97
51700,51800,3,1,100,1000,0.13,0.97
51700,51900,0,1,200,1000,0.23,0.97
51700,51900,1,1,200,1000,0.23,0.97
51700,51900,2,1,200,1000,0.23,0.97
51700,51900,3,1,200,1000,0.23,0.97
51700,52000,0,1,1500,1000,1.53,0.97
51700,52000,1,1,1500,1000,1.53,0.97
51700,52000,2,1,1500,1000,1.53,0.97
51700,52000,3,1,3000,1000,3.03,0.97
51800,51800,0,1,3000,1000,3.03,0.97
51800,51800,1,1,3000,1000,3.03,0.97
51800,51800,2,1,3000,1000,3.03,0.97
51800,51800,3,1,3000,1000,3.03,0.97
51800,51900,0,1,100,1000,0.13,0.97
51800,51900,1,1,100,1000,0.13,0.97
51800,51900,2,1,100,1000,0.13,0.97
51800,51900,3,1,100,1000,0.13,0.97
51800,52000,0,1,1400,1000,1.43,0.97
51800,52000,1,1,1400,1000,1.43,0.97
51800,52000,2,1,1400,1000,1.43,0.97
51800,52000,3,1,3000,1000,3.03,0.97
51900,51900,0,1,3000,1000,3.03,0.97
51900,51900,1,1,3000,1000,3.03,0.97
51900,51900,2,1,3000,1000,3.03,0.97
51900,51900,3,1,3000,1000,3.03,0.97
51900,52000,0,1,1300,1000,1.33,0.97
51900,52000,1,1,1300,1000,1.33,0.97
51900,52000,2,1,1300,1000,1.33,0.97
51900,52000,3,1,3000,1000,3.03,0.97
52000,52000,0,1,1200,1000,1.23,0.97
52000,52000,1,1,1200,1000,1.23,0.97
52000,52000,2,1,1200,1000,1.23,0.97
52000,52000,3,1,3000,1000,3.03,0.97
